DISCOS E ANÉIS;APOLLO;UNIVERSAL;1010072;DISCO ALGODAO - RAMPFLOW;108;6.5MM;VERDE
DISCOS E ANÉIS;APOLLO;UNIVERSAL;1010073;DISCO ALGODAO - RAMPFLOW;108;7.2MM;AZUL
DISCOS E ANÉIS;APOLLO;TITANIUM;1010146;DISCO AMENDOIM;60;13MM ESP. 9MM;AMARELO 
DISCOS E ANÉIS;APOLLO;TITANIUM;1010147;DISCO AMENDOIM;56;15.5MM ESP. 10MM;VERMELHO 
DISCOS E ANÉIS;APOLLO;TITANIUM;1010148;DISCO AMENDOIM;60;14MM ESP. 10MM;LARANJA 
DISCOS E ANÉIS;APOLLO;TITANIUM;1010167;DISCO AMENDOIM;56;17MM ESP. 10MM;AZUL 
DISCOS E ANÉIS;APOLLO;UNIVERSAL;1010081;DISCO CANOLA - L-RAMPA;128;2.8MM;VERMELHO 
DISCOS E ANÉIS;APOLLO;UNIVERSAL;1010103;DISCO FEIJÃO CARIOQUINHA - RAMPFLOW;56; 11X8MM;BEGE 
DISCOS E ANÉIS;APOLLO;UNIVERSAL;1010104;DISCO FEIJÃO CARIOQUINHA - RAMPFLOW;56; 12X9MM;MARROM CLARO 
DISCOS E ANÉIS;APOLLO;UNIVERSAL;1010105;DISCO FEIJÃO CARIOQUINHA - RAMPFLOW;56; 13X9MM;MARROM ESCURO 
DISCOS E ANÉIS;APOLLO;BALDAN;1010124;DISCO MILHO - BALDAN;28;15.5X11.4MM;PRETO
DISCOS E ANÉIS;APOLLO;BALDAN;1010125;DISCO MILHO - BALDAN;28;15.5X10MM;PRETO
DISCOS E ANÉIS;APOLLO;BALDAN;1010126;DISCO MILHO - BALDAN;28;14X9.5MM;PRETO
DISCOS E ANÉIS;APOLLO;BALDAN;1010127;DISCO MILHO - BALDAN;28;12.5X9.5MM;PRETO
DISCOS E ANÉIS;APOLLO;BALDAN;1010128;DISCO MILHO - BALDAN;28;11.4X8.4MM;PRETO
DISCOS E ANÉIS;APOLLO;BALDAN;1010129;DISCO MILHO - BALDAN;28;13X8.5MM;PRETO
DISCOS E ANÉIS;APOLLO;BALDAN;1010130;DISCO MILHO - BALDAN;28;13MM;PRETO
DISCOS E ANÉIS;APOLLO;BALDAN;1010131;DISCO MILHO - BALDAN;28;12.5MM;PRETO
DISCOS E ANÉIS;APOLLO;BALDAN;1010132;DISCO MILHO - BALDAN;28;12MM;PRETO
DISCOS E ANÉIS;APOLLO;BALDAN;1010133;DISCO MILHO - BALDAN;28;11.5MM;PRETO
DISCOS E ANÉIS;APOLLO;BALDAN;1010134;DISCO MILHO - BALDAN;28;11MM;PRETO
DISCOS E ANÉIS;APOLLO;BALDAN;1010135;DISCO MILHO - BALDAN;28;10.5MM;PRETO
DISCOS E ANÉIS;APOLLO;BALDAN;1010136;DISCO MILHO - BALDAN;28;10MM;PRETO
DISCOS E ANÉIS;APOLLO;BALDAN;1010137;DISCO MILHO - BALDAN;28;9MM;PRETO
DISCOS E ANÉIS;APOLLO;BALDAN;1010138;DISCO MILHO - BALDAN;28;14MM;PRETO
DISCOS E ANÉIS;APOLLO;BALDAN;1010139;DISCO MILHO - BALDAN;28;15MM;PRETO
DISCOS E ANÉIS;APOLLO;UNIVERSAL;1010021;DISCO MILHO - RAMPFLOW;28; 15.5X11.5MM;LARANJA CLARO 
DISCOS E ANÉIS;APOLLO;UNIVERSAL;1010022;DISCO MILHO - RAMPFLOW;28; 14.5X10MM;VERMELHO 
DISCOS E ANÉIS;APOLLO;UNIVERSAL;1010023;DISCO MILHO - RAMPFLOW;28; 13.5X9MM;VERDE 
DISCOS E ANÉIS;APOLLO;UNIVERSAL;1010024;DISCO MILHO - RAMPFLOW;28; 12.5X8.5MM;SALMAO 
DISCOS E ANÉIS;APOLLO;UNIVERSAL;1010025;DISCO MILHO - RAMPFLOW;28; 12.3X9.4MM;CINZA 
DISCOS E ANÉIS;APOLLO;UNIVERSAL;1010026;DISCO MILHO - RAMPFLOW;28; 11.5X8.5MM;BRANCO 
DISCOS E ANÉIS;APOLLO;UNIVERSAL;1010027;DISCO MILHO - RAMPFLOW;28; 11X8MM;ABOBORA 
DISCOS E ANÉIS;APOLLO;UNIVERSAL;1010028;DISCO MILHO - RAMPFLOW;28; 13.5MM;BEGE 
DISCOS E ANÉIS;APOLLO;UNIVERSAL;1010029;DISCO MILHO - RAMPFLOW;28; 13MM;LILAS 
DISCOS E ANÉIS;APOLLO;UNIVERSAL;1010030;DISCO MILHO - RAMPFLOW;28; 12.5MM;AZUL CLARO 
DISCOS E ANÉIS;APOLLO;UNIVERSAL;1010031;DISCO MILHO - RAMPFLOW;28; 12MM;LARANJA 
DISCOS E ANÉIS;APOLLO;UNIVERSAL;1010032;DISCO MILHO - RAMPFLOW;28; 11.5MM;VERDE CLARO 
DISCOS E ANÉIS;APOLLO;UNIVERSAL;1010033;DISCO MILHO - RAMPFLOW;28; 11MM;AZUL 
DISCOS E ANÉIS;APOLLO;UNIVERSAL;1010034;DISCO MILHO - RAMPFLOW;28; 10.5MM;ROSA 
DISCOS E ANÉIS;APOLLO;UNIVERSAL;1010035;DISCO MILHO - RAMPFLOW;28; 10MM;AMARELO 
DISCOS E ANÉIS;APOLLO;UNIVERSAL;1010036;DISCO MILHO - RAMPFLOW;28; 9MM;VERDE LIMAO 
DISCOS E ANÉIS;APOLLO;UNIVERSAL;1010037;DISCO MILHO - RAMPFLOW;28; 9.5MM;BEGE 
DISCOS E ANÉIS;APOLLO;UNIVERSAL;1010038;DISCO MILHO - RAMPFLOW;28; 8MM;ROXO 
DISCOS E ANÉIS;APOLLO;UNIVERSAL;1010039;DISCO MILHO - RAMPFLOW;28; 14MM;VERMELHO 
DISCOS E ANÉIS;APOLLO;UNIVERSAL;1010040;DISCO MILHO - RAMPFLOW;28; 15MM;LARANJA CLARO 
DISCOS E ANÉIS;APOLLO;JUMIL;1010041;DISCO MILHO - RAMPFLOW;28; 15.5X11.5MM;LARANJA CLARO 
DISCOS E ANÉIS;APOLLO;JUMIL;1010042;DISCO MILHO - RAMPFLOW;28; 14.5X10MM;VERMELHO 
DISCOS E ANÉIS;APOLLO;JUMIL;1010043;DISCO MILHO - RAMPFLOW;28; 13.5X9MM;VERDE 
DISCOS E ANÉIS;APOLLO;JUMIL;1010044;DISCO MILHO - RAMPFLOW;28; 12.5X8.5MM;SALMAO 
DISCOS E ANÉIS;APOLLO;JUMIL;1010045;DISCO MILHO - RAMPFLOW;28; 12.3X9.4MM;CINZA 
DISCOS E ANÉIS;APOLLO;JUMIL;1010046;DISCO MILHO - RAMPFLOW;28; 11.5X8.5MM;BRANCO 
DISCOS E ANÉIS;APOLLO;JUMIL;1010047;DISCO MILHO - RAMPFLOW;28; 11X8MM;ABOBORA 
DISCOS E ANÉIS;APOLLO;JUMIL;1010048;DISCO MILHO - RAMPFLOW;28; 13.5MM;BEGE 
DISCOS E ANÉIS;APOLLO;JUMIL;1010049;DISCO MILHO - RAMPFLOW;28; 13MM;LILAS 
DISCOS E ANÉIS;APOLLO;JUMIL;1010050;DISCO MILHO - RAMPFLOW;28; 12.5MM;AZUL CLARO 
DISCOS E ANÉIS;APOLLO;JUMIL;1010051;DISCO MILHO - RAMPFLOW;28; 12MM;LARANJA 
DISCOS E ANÉIS;APOLLO;JUMIL;1010052;DISCO MILHO - RAMPFLOW;28; 11.5MM;VERDE CLARO 
DISCOS E ANÉIS;APOLLO;JUMIL;1010053;DISCO MILHO - RAMPFLOW;28; 11MM;AZUL 
DISCOS E ANÉIS;APOLLO;JUMIL;1010054;DISCO MILHO - RAMPFLOW;28; 10.5MM;ROSA 
DISCOS E ANÉIS;APOLLO;JUMIL;1010055;DISCO MILHO - RAMPFLOW;28; 10MM;AMARELO 
DISCOS E ANÉIS;APOLLO;JUMIL;1010056;DISCO MILHO - RAMPFLOW;28; 9MM;VERDE LIMAO 
DISCOS E ANÉIS;APOLLO;JUMIL;1010057;DISCO MILHO - RAMPFLOW;28; 9.5MM;BEGE 
DISCOS E ANÉIS;APOLLO;JUMIL;1010058;DISCO MILHO - RAMPFLOW;28; 8MM;ROXO 
DISCOS E ANÉIS;APOLLO;JUMIL;1010059;DISCO MILHO - RAMPFLOW;28; 14MM;VERMELHO 
DISCOS E ANÉIS;APOLLO;JUMIL;1010060;DISCO MILHO - RAMPFLOW;28; 15MM;LARANJA CLARO 
DISCOS E ANÉIS;APOLLO;UNIVERSAL;1010065;DISCO SOJA - RAMPFLOW;90;8MM;LARANJA 
DISCOS E ANÉIS;APOLLO;UNIVERSAL;1010066;DISCO SOJA - RAMPFLOW;90;9MM;LILAS 
DISCOS E ANÉIS;APOLLO;JUMIL;1010067;DISCO SOJA - RAMPFLOW;90;8MM;LARANJA 
DISCOS E ANÉIS;APOLLO;JUMIL;1010068;DISCO SOJA - RAMPFLOW;90;9MM;LILAS 
DISCOS E ANÉIS;APOLLO;UNIVERSAL;1010069;DISCO SOJA - RAMPFLOW;90;7.3MM;AMARELO 
DISCOS E ANÉIS;APOLLO;UNIVERSAL;1010074;DISCO SOJA - RAMPFLOW;45;7.3MM;AMARELO 
DISCOS E ANÉIS;APOLLO;UNIVERSAL;1010075;DISCO SOJA - RAMPFLOW;45;8MM;LARANJA 
DISCOS E ANÉIS;APOLLO;UNIVERSAL;1010076;DISCO SOJA - RAMPFLOW;45;9MM;LILAS 
DISCOS E ANÉIS;APOLLO;JUMIL;1010077;DISCO SOJA - RAMPFLOW;90;7.3MM;AMARELO 
DISCOS E ANÉIS;APOLLO;TITANIUM;1010106;DISCO SOJA - RAMPFLOW;135;7.3MM;AMARELO 
DISCOS E ANÉIS;APOLLO;TITANIUM;1010107;DISCO SOJA - RAMPFLOW;135;8MM;LARANJA 
DISCOS E ANÉIS;APOLLO;TITANIUM;1010108;DISCO SOJA - RAMPFLOW;135;9MM;LILAS 
DISCOS E ANÉIS;APOLLO;UNIVERSAL;1010168;DISCO SOJA - RAMPFLOW;64;8MM;LARANJA ESCURO 
DISCOS E ANÉIS;APOLLO;UNIVERSAL;1010169;DISCO SOJA - RAMPFLOW;64;9MM;ROXO 
DISCOS E ANÉIS;APOLLO;UNIVERSAL;1010171;DISCO SOJA - RAMPFLOW;64;7.3MM;AMARELO ESCURO 
DISCOS E ANÉIS;APOLLO;TITANIUM;1010175;DISCO SOJA - RAMPFLOW;56;7.3MM;AMARELO 
DISCOS E ANÉIS;APOLLO;TITANIUM;1010176;DISCO SOJA - RAMPFLOW;56;8MM;LARANJA 
DISCOS E ANÉIS;APOLLO;TITANIUM;1010177;DISCO SOJA - RAMPFLOW;56;9MM;LILAS 
DISCOS E ANÉIS;APOLLO;UNIVERSAL;1010070;DISCO SORGO - L-RAMPA;90;4.5MM;MARROM ESCURO 
DISCOS E ANÉIS;APOLLO;UNIVERSAL;1010071;DISCO SORGO - L-RAMPA;90;6.0MM;CINZA 
DISCOS E ANÉIS;APOLLO;UNIVERSAL;1010079;DISCO SORGO - L-RAMPA;90;5.2MM;AZUL ESCURO 
DISCOS E ANÉIS;APOLLO;UNIVERSAL;1010172;DISCO SORGO - L-RAMPA;45;4.5MM;MARROM ESCURO 
DISCOS E ANÉIS;APOLLO;UNIVERSAL;1010173;DISCO SORGO - L-RAMPA;45;5.2MM;AZUL ESCURO 
DISCOS E ANÉIS;APOLLO;UNIVERSAL;1010174;DISCO SORGO - L-RAMPA;45;6.0MM;CINZA 
DOSADORES;SELENIUM;-;2020098;KIT ALGODÃO/SORGO;55;2.5MM;AZUL
DOSADORES;SELENIUM;-;2020151;KIT FEIJÃO;40;4.0MM;MARROM
DOSADORES;SELENIUM;-;2020094;KIT MILHO;28;4.5MM;AMARELO
DOSADORES;SELENIUM;-;2020136;KIT SOJAFLOW;40;4.0MM;ROXO
DISCOS E ANÉIS;APOLLO;TITANIUM;1060001;CONJUNTO DISCO/ANEIS FEIJAO;50;-;-
DISCOS E ANÉIS;APOLLO;TITANIUM;1060002;CONJUNTO DISCO/ANEIS MILHO;28;-;-
DISCOS E ANÉIS;APOLLO;TITANIUM;1060003;CONJUNTO DISCO/ANEIS SOJA;90;-;-
DISCOS E ANÉIS;APOLLO;TITANIUM;1060004;CONJUNTO DISCO/ANEIS SORGO ;90;-;-
DISCOS E ANÉIS;APOLLO;TITANIUM;1060006;CONJUNTO DISCO/ANEIS ALGODAO;108;-;-
DISCOS E ANÉIS;APOLLO;TITANIUM;1060016;CONJUNTO DISCO/ANEL CANOLA;128;-;-
DISCOS E ANÉIS;APOLLO;TITANIUM;1060021;CONJUNTO DISCO/ANEIS SOJA;135;-;-
DISCOS E ANÉIS;APOLLO;TITANIUM;1060022;CONJUNTO DISCO/ANEIS  FEIJAO CARIOQUINHA ;56;-;-
DISCOS E ANÉIS;APOLLO;TITANIUM;1020031;ANEL ALGODAO;-; 3MM REB 1.3MM;AZUL 
DISCOS E ANÉIS;APOLLO;TITANIUM;1020032;ANEL ALGODAO;-; 3MM LISO;VERDE 
DISCOS E ANÉIS;APOLLO;TITANIUM;1020073;ANEL AMENDOIM ;-;1MM LISO;NATURAL
DISCOS E ANÉIS;APOLLO;TITANIUM;1020042;ANEL CANOLA;-;7MM LISO;VERMELHO
DISCOS E ANÉIS;APOLLO;JUMIL;1020004;ANEL MILHO/FEIJAO;-;4.5MM LISO;AMARELO
DISCOS E ANÉIS;APOLLO;JUMIL;1020007;ANEL MILHO/FEIJAO;-;4.5MM REB 2.5MM;AZUL ESCURO
DISCOS E ANÉIS;APOLLO;JUMIL;1020006;ANEL MILHO/FEIJAO;-;4.5MM REB 2MM;AZUL
DISCOS E ANÉIS;APOLLO;JUMIL;1020005;ANEL MILHO/FEIJAO;-; 4.5MM REB 1MM;VERDE
DISCOS E ANÉIS;APOLLO;UNIVERSAL;1020041;ANEL MILHO/FEIJAO;-; 4MM REB 2MM;AZUL
DISCOS E ANÉIS;APOLLO;UNIVERSAL;1020003;ANEL MILHO/FEIJAO;-;4MM REB 2.5MM;AZUL ESCURO
DISCOS E ANÉIS;APOLLO;UNIVERSAL;1020040;ANEL MILHO/FEIJAO;-;4MM REB 1.6MM;CINZA
DISCOS E ANÉIS;APOLLO;UNIVERSAL;1020002;ANEL MILHO/FEIJAO;-;4MM REB 1MM;VERDE
DISCOS E ANÉIS;APOLLO;TITANIUM;1020016;ANEL MILHO/FEIJAO;-;4MM LISO;AMARELO
DISCOS E ANÉIS;APOLLO;TITANIUM;1020074;ANEL MILHO/FEIJAO;-;4MM REB 2MM;AZUL
DISCOS E ANÉIS;APOLLO;TITANIUM;1020019;ANEL MILHO/FEIJAO;-;4MM REB 2.5MM;AZUL ESCURO
DISCOS E ANÉIS;APOLLO;TITANIUM;1020018;ANEL MILHO/FEIJAO;-;4MM REB 1.6MM;CINZA
DISCOS E ANÉIS;APOLLO;TITANIUM;1020017;ANEL MILHO/FEIJAO;-; 4MM REB 1MM;VERDE
DISCOS E ANÉIS;APOLLO;UNIVERSAL;1020001;ANEL MILHO/FEIJAO;-;4MM LISO;AMARELO
DISCOS E ANÉIS;APOLLO;JUMIL;1020043;ANEL SOJA;-;4MM LISO;AMARELO
DISCOS E ANÉIS;APOLLO;JUMIL;1020014;ANEL SOJA;-;4MM LISO;LARANJA
DISCOS E ANÉIS;APOLLO;JUMIL;1020015;ANEL SOJA;-;4MM REB 1MM;LARANJA CLARO
DISCOS E ANÉIS;APOLLO;JUMIL;1020013;ANEL SOJA;-;3MM LISO;LILAS
DISCOS E ANÉIS;APOLLO;JUMIL;1020052;ANEL SOJA;-;3MM REB 1MM;ROXO
DISCOS E ANÉIS;APOLLO;UNIVERSAL;1020012;ANEL SOJA;-;4MM LISO;LARANJA
DISCOS E ANÉIS;APOLLO;UNIVERSAL;1020033;ANEL SOJA;-;4MM REB 1MM;LARANJA CLARO
DISCOS E ANÉIS;APOLLO;UNIVERSAL;1020011;ANEL SOJA;-;3MM LISO;LILAS
DISCOS E ANÉIS;APOLLO;UNIVERSAL;1020034;ANEL SOJA;-;3MM REB 0.8MM;ROXO
DISCOS E ANÉIS;APOLLO;TITANIUM;1020023;ANEL SOJA;-;4MM LISO;AMARELO
DISCOS E ANÉIS;APOLLO;TITANIUM;1020055;ANEL SOJA PARA DISCO 135;-;4MM LISO;AMARELO
DISCOS E ANÉIS;APOLLO;TITANIUM;1020022;ANEL SOJA;-;4MM LISO;LARANJA
DISCOS E ANÉIS;APOLLO;TITANIUM;1020057;ANEL SOJA PARA DISCO 135;-;4MM LISO;LARANJA
DISCOS E ANÉIS;APOLLO;TITANIUM;1020024;ANEL SOJA;-; 4MM REB 1MM;LARANJA CLARO
DISCOS E ANÉIS;APOLLO;TITANIUM;1020056;ANEL SOJA PARA DISCO 135;-; 4MM REB 1MM;LARANJA CLARO
DISCOS E ANÉIS;APOLLO;TITANIUM;1020020;ANEL SOJA;-;3MM LISO;LILAS
DISCOS E ANÉIS;APOLLO;TITANIUM;1020053;ANEL SOJA PARA DISCO 135;-;3MM LISO;LILAS
DISCOS E ANÉIS;APOLLO;TITANIUM;1020021;ANEL SOJA;-;3MM REB 0.8MM;ROXO
DISCOS E ANÉIS;APOLLO;TITANIUM;1020054;ANEL SOJA PARA DISCO 135;-;3MM REB 0.8MM;ROXO
DISCOS E ANÉIS;APOLLO;JUMIL;1020067;ANEL SORGO;-;5.5MM LISO;BRANCO
DISCOS E ANÉIS;APOLLO;UNIVERSAL;1020036;ANEL SORGO;-;5.5MM LISO;BRANCO
DISCOS E ANÉIS;APOLLO;TITANIUM;1020035;ANEL SORGO;-;6.5MM LISO;BRANCO
DISCOS E ANÉIS;APOLLO;TITANIUM;1020030;ANEL SORGO;-;6.5MM LISO;CINZA ESCURO